Workbook

Sheet 許可申請書
F2: セントラルスクゥエア占用（変更）許可申請書
B3: 申請先：長野市長
A5: ※太枠内を記入してください。 | R5: 申請日
P6: 〒
O7: 住所
L9: 申請者 | O9: 団体名
O10: 代表者 | R10: 役職
R11: 氏名
P12: 担当者氏名
P13: 連絡先 | R13: (電話)
B14: 次のとおり、都市公園法第６条第１項（第３項）の規定により、占用の許可を受けたいので申請します。
B15: 占用公園名 | G15: セントラルスクゥエア
B17: 占用の目的
B20: 占用の期間 | G20: 令和 年 月 日（ ）から令和 年 月（ ）まで
B22: 設置する工作物 その他物件又は 施設の名称 及び構造 | G22: 物件種別 | K22: 構造 | O22: 長さ(m) | S22: 幅(m) | W22: 面積（㎡）
B29: 工事実施の方法 | G29: □申請者において設置 □請負 □委託
B31: 工事の期間 | G31: 設置工事 日間 | M31: 撤去工事 日間 | S31: 工事期間は占用期間内に含む
B33: 公園の復旧方法 | G33: 申請者において清掃後、ゴミは持ち帰る。その他、原状に復する。
B35: 添付書類 | G35: 平面図（レイアウト図）
B37: ※平面図（レイアウト図）を併せて、ご提出ください。

Sheet （別紙）占用物明細
B2: 別紙 占用物明細書
C3: 1㎡以下は繰り上げて計算 | H3: ※60円/㎡×１日
B4: 設置する物 | C4: 長さ（ｍ） | D4: 幅（ｍ） | E4: 設置数 | F4: 設置日数 | G4: 備考 | H4: 延面積(㎡) | I4: 占用料(円)
B5: (例)テント | C5: 3.5 | D5: 3 | E5: 3 | F5: 3 | G5: 2024/4/1設置分 | H5: =ROUNDUP(C5*D5,0)*E5*F5 -> 99 | I5: =H5*60 -> 5940
B6: （例）キッチンカー | C6: 3 | D6: 2 | E6: 3 | F6: 1 | G6: 2024/4/2設置分 | H6: =ROUNDUP(C6*D6,0)*E6*F6 -> 18 | I6: =H6*60 -> 1080
H7: =ROUNDUP(C7*D7,0)*E7*F7 -> 0 | I7: =H7*60 -> 0
H8: =ROUNDUP(C8*D8,0)*E8*F8 -> 0 | I8: =H8*60 -> 0
H9: =ROUNDUP(C9*D9,0)*E9*F9 -> 0 | I9: =H9*60 -> 0
H10: =ROUNDUP(C10*D10,0)*E10*F10 -> 0 | I10: =H10*60 -> 0
H11: =ROUNDUP(C11*D11,0)*E11*F11 -> 0 | I11: =H11*60 -> 0
H12: =ROUNDUP(C12*D12,0)*E12*F12 -> 0 | I12: =H12*60 -> 0
H13: =ROUNDUP(C13*D13,0)*E13*F13 -> 0 | I13: =H13*60 -> 0
H14: =ROUNDUP(C14*D14,0)*E14*F14 -> 0 | I14: =H14*60 -> 0
H15: =ROUNDUP(C15*D15,0)*E15*F15 -> 0 | I15: =H15*60 -> 0
H16: =ROUNDUP(C16*D16,0)*E16*F16 -> 0 | I16: =H16*60 -> 0
H17: =ROUNDUP(C17*D17,0)*E17*F17 -> 0 | I17: =H17*60 -> 0
H18: =ROUNDUP(C18*D18,0)*E18*F18 -> 0 | I18: =H18*60 -> 0
... H21: =ROUNDUP(C21*D21,0)*E21*F21 -> 0 | I21: =H21*60 -> 0
B22: 合計 | H22: =SUM(H7:H21) -> 0 | I22: =H22*60 -> 0
H26: 入力不要

Sheet 記入例
F2: セントラルスクゥエア占用（変更）許可申請書
B3: 申請先：長野市長
A5: ※太枠内を記入してください。 | R5: 申請日 | U5: 45383
P6: 〒 | Q6: 380-8512
O7: 住所 | Q7: 長野市大字鶴賀緑町1613番地
L9: 申請者 | O9: 団体名 | Q9: 〇〇株式会社
O10: 代表者 | R10: 役職 | T10: 代表取締役
R11: 氏名 | T11: 長野 太郎
P12: 担当者氏名 | T12: 長野 次郎
P13: 連絡先 | R13: (電話) | T13: 026-224-5053
B14: 次のとおり、都市公園法第６条第１項（第３項）の規定により、占用の許可を受けたいので申請します。
B15: 占用公園名 | G15: セントラルスクゥエア
B17: 占用の目的 | G17: ・「〇〇フェスティバル」の物販ブースに係る占用 ・「△△祭」用意のため 等
B20: 占用の期間 | G20: 45383 | O20: から | Q20: 45384 | Y20: まで
B22: 設置する工作物 その他物件又は 施設の名称 及び構造 | G22: 物件種別 | K22: 構造 | O22: 長さ(m) | S22: 幅(m) | W22: 面積（㎡）
B29: 工事実施の方法 | G29: ☑申請者において設置 □請負 □委託
B31: 工事の期間 | G31: 設置工事１日間 | M31: 撤去工事１日間 | S31: 工事期間は占用期間内に含む
B33: 公園の復旧方法 | G33: 申請者において清掃後、ゴミは持ち帰る。その他、原状に復する。
B35: 添付書類 | G35: 平面図（レイアウト図）
B37: ※平面図（レイアウト図）を併せて、ご提出ください。

Sheet 作業用
A2: No. | B2: 指令 | C2: 住所 | D2: 団体 | E2: 役職 | F2: 申請人 | G2: 申請日 | H2: 許可日 | I2: 目的 | J2: 該当法令 | K2: 使用期間 | L2: 工作物① | M2: 構造① | N2: 長さ① | O2: 幅① | P2: 面積① | Q2: 工作物② | R2: 構造② | S2: 長さ② | T2: 幅② | U2: 面積② | V2: 工作物③ | W2: 構造③ | X2: 長さ③ | Y2: 幅③ | Z2: 面積③ | AA2: 工作物④ | AB2: 構造④ | AC2: 長さ④ | AD2: 幅④ | AE2: 面積④ | AF2: 合計 | AG2: 使用料
C3: =許可申請書!Q7 -> 0 | D3: =許可申請書!Q9 -> 0 | E3: =許可申請書!T10 -> 0 | F3: =許可申請書!T11 -> 0 | G3: =許可申請書!U5 -> 0 | I3: =許可申請書!G17 -> 0 | J3: 都市公園法第７条第１項第６号 | K3: =許可申請書!G20 -> 令和 年 月 日（ ）から令和 年 月（ ）まで | L3: ='（別紙）占用物明細'!B7 -> 0 | N3: ='（別紙）占用物明細'!C7 -> 0 | O3: ='（別紙）占用物明細'!D7 -> 0 | P3: ='（別紙）占用物明細'!H7 -> 0 | Q3: ='（別紙）占用物明細'!B8 -> 0 | S3: ='（別紙）占用物明細'!C8 -> 0 | T3: ='（別紙）占用物明細'!D8 -> 0 | U3: ='（別紙）占用物明細'!H8 -> 0 | V3: ='（別紙）占用物明細'!B9 -> 0 | X3: ='（別紙）占用物明細'!C9 -> 0 | Y3: ='（別紙）占用物明細'!D9 -> 0 | Z3: ='（別紙）占用物明細'!H9 -> 0 | AA3: ='（別紙）占用物明細'!B10 -> 0 | AC3: ='（別紙）占用物明細'!C10 -> 0 | AD3: ='（別紙）占用物明細'!D10 -> 0 | AE3: ='（別紙）占用物明細'!H10 -> 0 | AF3: ='（別紙）占用物明細'!H22 -> 0 | AG3: ='（別紙）占用物明細'!I22 -> 0
